Name,Name_Count,ID,Sex
Qudk Abkg,9,001,Female
Ladcq Kwvf,10,002,Female
Cpjvmv Qie,10,003,Male
Brmlzge Dyo,11,004,Male
Nabzbyuj Pqx,12,005,Female
Nfhya Wnaafv,12,006,Male
Mykczf Srjho,12,007,Female
Nhyfs Pwuxqex,13,008,Female
Ogctelig Wvkn,13,009,Male
Aziqmx Tryxfyxc,15,010,Female
Gfwhoh Asoekvmat,16,011,Female
Cxkpsydf Azermii,16,012,Male
Sakbrl Pvla Bagv,16,013,Female
Ohfgbfr Tsrbtccv,16,014,Female
Sax Yydvnai Lsqa,16,015,Male
Yxy Vize Kqgs Sr.,17,016,Male
Koy Wmiv Ucvw Sr.,17,017,Female
Yok Zkn Enyxpratz,17,018,Female
Nbycn Cppbz Ycvmkn,18,019,Male
Ikxlyvj Olxhlkhtkp,18,020,Male
Xnhqzosm Epidovwyw,18,021,Female
Yajeh Diu Grrwlwwl,18,022,Female
Kbr Spdsn Cqirswmic,19,023,Female
Vwuf Xnqqnr Trgeter,19,024,Female
Gssnaw Uoy Ruwgyuqn,19,025,Male
Hjqm Rsnd Jawbbj Jr.,20,026,Female
Xion Juts Lbkcxmwpmg,20,027,Female
Emtg Orgam Fywrulb Jr.,22,028,Female
Hgsepmw Pnj Neztwl Sr.,22,029,Female
Hvhv Wxzsiil Azkff Sr.,22,030,Female
Xqbo Disnklf Ejceyd Sr.,23,031,Male
Rlgxpa Wjjfe Hvruwvis Jr.,25,032,Male
Phdywkh Lqlgqzcs Oqwj Jr.,25,033,Male
Sgpb Kkxchqux Mccmidr Jr.,25,034,Female
Uoldjtl Zamgro Kqrjcignnh,25,035,Female
Liiujno Yqugoirr Oqhiinaime,27,036,Female
Wgzezwn Eixjyk Uqccpuft Sr.,27,037,Female
Pykzch Xiacpjws Pzebdxl Sr.,27,038,Female
Zvghvyx Pfqrzkxm Dcsjcyeckp Jr.,31,039,Male
Wkpjcjxq Nzkxwqrj Plksfvarf Jr.,31,040,Female
