Name,ID,Sex
Qza Oetz,001,Male
Pauz Xbzp,002,Male
Cep Evuqq,003,Female
Saep Evuqq,003,Female
Vaep Avuqq,003,Female
Uhab Uyabza,004,Female
Ysvrdi Peogr,005,Female
Khci Uzjudyx,006,Female
Mdc Jdpum Ipfz,007,Male
Zna Tgpfzndcg,008,Male
Mstnq Tudfxyv,009,Male
Nxmthe Xgfk Uvw,010,Male
Ziwb Oaqnqdqkx,011,Male
Xwaw Fajk Gmg Jr.,012,Male
Tuwfuau Edxprocj,013,Male
Nsj Hlds Zittokkw,014,Female
Rzgeelsn Pgfjolx,015,Female
Ltykm Rdkdvkmmtm,016,Female
Lvfa Lou Scvamx Jr.,017,Male
Zfnsh Zwn Wlgzpiyn,018,Female
Tkrj Ibezh Ccyo Jr.,019,Female
Qea Corh Wjflyth Jr.,020,Female
Doxmjb Eiadut Ffs Jr.,021,Female
Vlf Kuck Tsdsmkkf Sr.,022,Female
Ububfrn Asxzcktw Brl,023,Female
Jkwn Egzro Juvyzl Jr.,024,Female
Pdcj Aszap Eifmmqc Jr.,025,Male
Pydvcga Rpe Ophziheidv,026,Male
Wocdpdry Bxojtg Onf Sr.,027,Female
Sryuite Vdhhr Abaku Jr.,028,Male
Cbrc Puqybqt Bdzslr Jr.,029,Female
Sddyeuw Dxjrwa Dvcouapa,030,Female
Yuf Jnayfpr Tbgimvco Jr.,031,Female
Yifqrpf Kqsnjp Eofvjoki,032,Male
Naryrhp Ssz Laovrvyir Sr.,033,Male
Tiuheomm Hfhaofg Ikhebph,034,Male
Hhfeqpvu Vzms Lxqfblsy Jr.,035,Female
Ywonndn Ubiots Nhhhypsrnu,036,Male
Tviviqc Iuvzhmry Hvofbe Jr.,037,Female
Zarjtea Dalzre Owkymccbf Jr.,038,Female
Uyptcn Figkkeuv Yjighrjk Sr.,039,Male
Aarjtea Calzre Nwkymcdcbf Jr.,038,Female
Byptfcn Figkkeuv Djiughrjk Sr.,039,Male
Wilchuf Gxeweah Mlknmtyott Jr.,040,Female
